[
{
  "model": "admin.logentry",
  "pk": 1,
  "fields": {
    "action_time": "2023-05-10T18:29:12.695Z",
    "user": 3,
    "content_type": 4,
    "object_id": "4",
    "object_repr": "salon_admin",
    "action_flag": 1,
    "change_message": "[{\"added\": {}}]"
  }
},
{
  "model": "admin.logentry",
  "pk": 2,
  "fields": {
    "action_time": "2023-05-10T18:32:06.612Z",
    "user": 3,
    "content_type": 4,
    "object_id": "4",
    "object_repr": "salon_admin",
    "action_flag": 2,
    "change_message": "[{\"changed\": {\"fields\": [\"First name\", \"Last name\", \"Email address\", \"User permissions\"]}}]"
  }
},
{
  "model": "admin.logentry",
  "pk": 3,
  "fields": {
    "action_time": "2023-05-14T18:41:51.350Z",
    "user": 3,
    "content_type": 3,
    "object_id": "1",
    "object_repr": "salon_admin_panel",
    "action_flag": 1,
    "change_message": "[{\"added\": {}}]"
  }
},
{
  "model": "admin.logentry",
  "pk": 4,
  "fields": {
    "action_time": "2023-05-14T18:55:13.745Z",
    "user": 3,
    "content_type": 4,
    "object_id": "3",
    "object_repr": "admin",
    "action_flag": 2,
    "change_message": "[{\"changed\": {\"fields\": [\"Groups\"]}}]"
  }
},
{
  "model": "admin.logentry",
  "pk": 5,
  "fields": {
    "action_time": "2023-05-14T18:55:41.713Z",
    "user": 3,
    "content_type": 4,
    "object_id": "4",
    "object_repr": "salon_admin",
    "action_flag": 3,
    "change_message": ""
  }
},
{
  "model": "auth.permission",
  "pk": 1,
  "fields": {
    "name": "Can add log entry",
    "content_type": 1,
    "codename": "add_logentry"
  }
},
{
  "model": "auth.permission",
  "pk": 2,
  "fields": {
    "name": "Can change log entry",
    "content_type": 1,
    "codename": "change_logentry"
  }
},
{
  "model": "auth.permission",
  "pk": 3,
  "fields": {
    "name": "Can delete log entry",
    "content_type": 1,
    "codename": "delete_logentry"
  }
},
{
  "model": "auth.permission",
  "pk": 4,
  "fields": {
    "name": "Can view log entry",
    "content_type": 1,
    "codename": "view_logentry"
  }
},
{
  "model": "auth.permission",
  "pk": 5,
  "fields": {
    "name": "Can add permission",
    "content_type": 2,
    "codename": "add_permission"
  }
},
{
  "model": "auth.permission",
  "pk": 6,
  "fields": {
    "name": "Can change permission",
    "content_type": 2,
    "codename": "change_permission"
  }
},
{
  "model": "auth.permission",
  "pk": 7,
  "fields": {
    "name": "Can delete permission",
    "content_type": 2,
    "codename": "delete_permission"
  }
},
{
  "model": "auth.permission",
  "pk": 8,
  "fields": {
    "name": "Can view permission",
    "content_type": 2,
    "codename": "view_permission"
  }
},
{
  "model": "auth.permission",
  "pk": 9,
  "fields": {
    "name": "Can add group",
    "content_type": 3,
    "codename": "add_group"
  }
},
{
  "model": "auth.permission",
  "pk": 10,
  "fields": {
    "name": "Can change group",
    "content_type": 3,
    "codename": "change_group"
  }
},
{
  "model": "auth.permission",
  "pk": 11,
  "fields": {
    "name": "Can delete group",
    "content_type": 3,
    "codename": "delete_group"
  }
},
{
  "model": "auth.permission",
  "pk": 12,
  "fields": {
    "name": "Can view group",
    "content_type": 3,
    "codename": "view_group"
  }
},
{
  "model": "auth.permission",
  "pk": 13,
  "fields": {
    "name": "Can add user",
    "content_type": 4,
    "codename": "add_user"
  }
},
{
  "model": "auth.permission",
  "pk": 14,
  "fields": {
    "name": "Can change user",
    "content_type": 4,
    "codename": "change_user"
  }
},
{
  "model": "auth.permission",
  "pk": 15,
  "fields": {
    "name": "Can delete user",
    "content_type": 4,
    "codename": "delete_user"
  }
},
{
  "model": "auth.permission",
  "pk": 16,
  "fields": {
    "name": "Can view user",
    "content_type": 4,
    "codename": "view_user"
  }
},
{
  "model": "auth.permission",
  "pk": 17,
  "fields": {
    "name": "Can add content type",
    "content_type": 5,
    "codename": "add_contenttype"
  }
},
{
  "model": "auth.permission",
  "pk": 18,
  "fields": {
    "name": "Can change content type",
    "content_type": 5,
    "codename": "change_contenttype"
  }
},
{
  "model": "auth.permission",
  "pk": 19,
  "fields": {
    "name": "Can delete content type",
    "content_type": 5,
    "codename": "delete_contenttype"
  }
},
{
  "model": "auth.permission",
  "pk": 20,
  "fields": {
    "name": "Can view content type",
    "content_type": 5,
    "codename": "view_contenttype"
  }
},
{
  "model": "auth.permission",
  "pk": 21,
  "fields": {
    "name": "Can add session",
    "content_type": 6,
    "codename": "add_session"
  }
},
{
  "model": "auth.permission",
  "pk": 22,
  "fields": {
    "name": "Can change session",
    "content_type": 6,
    "codename": "change_session"
  }
},
{
  "model": "auth.permission",
  "pk": 23,
  "fields": {
    "name": "Can delete session",
    "content_type": 6,
    "codename": "delete_session"
  }
},
{
  "model": "auth.permission",
  "pk": 24,
  "fields": {
    "name": "Can view session",
    "content_type": 6,
    "codename": "view_session"
  }
},
{
  "model": "auth.permission",
  "pk": 25,
  "fields": {
    "name": "Can add booking",
    "content_type": 7,
    "codename": "add_booking"
  }
},
{
  "model": "auth.permission",
  "pk": 26,
  "fields": {
    "name": "Can change booking",
    "content_type": 7,
    "codename": "change_booking"
  }
},
{
  "model": "auth.permission",
  "pk": 27,
  "fields": {
    "name": "Can delete booking",
    "content_type": 7,
    "codename": "delete_booking"
  }
},
{
  "model": "auth.permission",
  "pk": 28,
  "fields": {
    "name": "Can view booking",
    "content_type": 7,
    "codename": "view_booking"
  }
},
{
  "model": "auth.permission",
  "pk": 29,
  "fields": {
    "name": "Can add service",
    "content_type": 8,
    "codename": "add_service"
  }
},
{
  "model": "auth.permission",
  "pk": 30,
  "fields": {
    "name": "Can change service",
    "content_type": 8,
    "codename": "change_service"
  }
},
{
  "model": "auth.permission",
  "pk": 31,
  "fields": {
    "name": "Can delete service",
    "content_type": 8,
    "codename": "delete_service"
  }
},
{
  "model": "auth.permission",
  "pk": 32,
  "fields": {
    "name": "Can view service",
    "content_type": 8,
    "codename": "view_service"
  }
},
{
  "model": "auth.permission",
  "pk": 33,
  "fields": {
    "name": "Can add master",
    "content_type": 9,
    "codename": "add_master"
  }
},
{
  "model": "auth.permission",
  "pk": 34,
  "fields": {
    "name": "Can change master",
    "content_type": 9,
    "codename": "change_master"
  }
},
{
  "model": "auth.permission",
  "pk": 35,
  "fields": {
    "name": "Can delete master",
    "content_type": 9,
    "codename": "delete_master"
  }
},
{
  "model": "auth.permission",
  "pk": 36,
  "fields": {
    "name": "Can view master",
    "content_type": 9,
    "codename": "view_master"
  }
},
{
  "model": "auth.permission",
  "pk": 37,
  "fields": {
    "name": "Can add schedule",
    "content_type": 10,
    "codename": "add_schedule"
  }
},
{
  "model": "auth.permission",
  "pk": 38,
  "fields": {
    "name": "Can change schedule",
    "content_type": 10,
    "codename": "change_schedule"
  }
},
{
  "model": "auth.permission",
  "pk": 39,
  "fields": {
    "name": "Can delete schedule",
    "content_type": 10,
    "codename": "delete_schedule"
  }
},
{
  "model": "auth.permission",
  "pk": 40,
  "fields": {
    "name": "Can view schedule",
    "content_type": 10,
    "codename": "view_schedule"
  }
},
{
  "model": "auth.group",
  "pk": 1,
  "fields": {
    "name": "salon_admin_panel",
    "permissions": [
      25,
      26,
      27,
      28,
      33,
      34,
      35,
      36,
      37,
      38,
      39,
      40,
      29,
      30,
      31,
      32
    ]
  }
},
{
  "model": "auth.user",
  "pk": 1,
  "fields": {
    "password": "pbkdf2_sha256$390000$N0iUIh5c5Y69nGRrHkiiB2$jnbfBW8LdAArlK0LihiqT9ATsTHipTjrrcezSvTA3sg=",
    "last_login": "2023-05-08T19:36:12.102Z",
    "is_superuser": false,
    "username": "alina0303",
    "first_name": "",
    "last_name": "",
    "email": "alinasmirnova0303@gmail.com",
    "is_staff": false,
    "is_active": true,
    "date_joined": "2023-05-08T19:09:43.166Z",
    "groups": [],
    "user_permissions": []
  }
},
{
  "model": "auth.user",
  "pk": 2,
  "fields": {
    "password": "pbkdf2_sha256$390000$nlRNcGqWQU3FKxxqWdeeDJ$CZQNZ8lSdfuZhI47Il6LMznQqLfKQGYLCT77Wkv4piE=",
    "last_login": "2023-05-15T06:06:29.765Z",
    "is_superuser": false,
    "username": "alya1",
    "first_name": "",
    "last_name": "",
    "email": "angelina1@gmail.com",
    "is_staff": false,
    "is_active": true,
    "date_joined": "2023-05-08T19:31:02.555Z",
    "groups": [],
    "user_permissions": []
  }
},
{
  "model": "auth.user",
  "pk": 3,
  "fields": {
    "password": "pbkdf2_sha256$390000$tL7XbAaKJnGGybPDhA5dbR$LeJKtKYrGzOZgLZ6bL97nf2Jw2ppDRV53EqyguVidog=",
    "last_login": "2023-05-15T06:07:10.939Z",
    "is_superuser": true,
    "username": "admin",
    "first_name": "",
    "last_name": "",
    "email": "admin@gmail.com",
    "is_staff": true,
    "is_active": true,
    "date_joined": "2023-05-08T21:39:14Z",
    "groups": [
      1
    ],
    "user_permissions": []
  }
},
{
  "model": "contenttypes.contenttype",
  "pk": 1,
  "fields": {
    "app_label": "admin",
    "model": "logentry"
  }
},
{
  "model": "contenttypes.contenttype",
  "pk": 2,
  "fields": {
    "app_label": "auth",
    "model": "permission"
  }
},
{
  "model": "contenttypes.contenttype",
  "pk": 3,
  "fields": {
    "app_label": "auth",
    "model": "group"
  }
},
{
  "model": "contenttypes.contenttype",
  "pk": 4,
  "fields": {
    "app_label": "auth",
    "model": "user"
  }
},
{
  "model": "contenttypes.contenttype",
  "pk": 5,
  "fields": {
    "app_label": "contenttypes",
    "model": "contenttype"
  }
},
{
  "model": "contenttypes.contenttype",
  "pk": 6,
  "fields": {
    "app_label": "sessions",
    "model": "session"
  }
},
{
  "model": "contenttypes.contenttype",
  "pk": 8,
  "fields": {
    "app_label": "services",
    "model": "service"
  }
},
{
  "model": "sessions.session",
  "pk": "x13ffdoqv26umweh76gxkctmdwnsqz4c",
  "fields": {
    "session_data": ".eJxVjDsOwjAQBe_iGlmx4x-U9JzB2vV6cQDZUpxUiLuTSCmgfTPz3iLCupS49jzHicRFjOL0uyGkZ647oAfUe5Op1WWeUO6KPGiXt0b5dT3cv4MCvWx1gmDInh07tDmzJg7aGuc8MXjDHlgrq4gCj0NCu2HlGNkgDNaPTovPFwieOKc:1pyRMU:31WsdU-AHmJQibLm-lsaL-j9pUmdtn_wA9V_elLHczM",
    "expire_date": "2023-05-29T06:07:10.947Z"
  }
},
{
  "model": "services.service",
  "pk": 1,
  "fields": {
    "name": "Hair cut",
    "duration": 60,
    "price": 3500.0
  }
},
{
  "model": "services.service",
  "pk": 2,
  "fields": {
    "name": "Manicure",
    "duration": 90,
    "price": 650.0
  }
},
{
  "model": "services.service",
  "pk": 3,
  "fields": {
    "name": "Hair coloring",
    "duration": 180,
    "price": 4000.0
  }
},
{
  "model": "services.service",
  "pk": 4,
  "fields": {
    "name": "eyelash lamination",
    "duration": 90,
    "price": 800.0
  }
},
{
  "model": "services.service",
  "pk": 5,
  "fields": {
    "name": "eyebrow lamination",
    "duration": 30,
    "price": 500.0
  }
},
{
  "model": "services.service",
  "pk": 6,
  "fields": {
    "name": "eyebrow coloring",
    "duration": 30,
    "price": 400.0
  }
},
{
  "model": "services.service",
  "pk": 7,
  "fields": {
    "name": "Air touch (hair)",
    "duration": 180,
    "price": 4200.0
  }
},
{
  "model": "services.master",
  "pk": 1,
  "fields": {
    "name": "Alina",
    "range": 1,
    "phone": 380669558518,
    "status": true,
    "services": [
      1
    ]
  }
},
{
  "model": "services.master",
  "pk": 2,
  "fields": {
    "name": "Alyona",
    "range": 0,
    "phone": 380998765487,
    "status": true,
    "services": [
      2
    ]
  }
},
{
  "model": "services.master",
  "pk": 3,
  "fields": {
    "name": "Victoria",
    "range": 1,
    "phone": 380635559834,
    "status": true,
    "services": [
      2
    ]
  }
},
{
  "model": "services.master",
  "pk": 4,
  "fields": {
    "name": "Alya",
    "range": 1,
    "phone": 380669553333,
    "status": true,
    "services": [
      2,
      4
    ]
  }
},
{
  "model": "services.booking",
  "pk": 1,
  "fields": {
    "master": 1,
    "service": 2,
    "client": 1,
    "date": "2023-05-11T12:30:00Z",
    "status": true
  }
},
{
  "model": "services.booking",
  "pk": 2,
  "fields": {
    "master": 3,
    "service": 1,
    "client": 1,
    "date": "2023-05-11T14:30:00Z",
    "status": true
  }
},
{
  "model": "services.booking",
  "pk": 8,
  "fields": {
    "master": 2,
    "service": 3,
    "client": 1,
    "date": "2023-05-12T11:00:00Z",
    "status": true
  }
},
{
  "model": "services.booking",
  "pk": 9,
  "fields": {
    "master": 1,
    "service": 1,
    "client": 1,
    "date": "2023-05-11T13:00:00Z",
    "status": true
  }
},
{
  "model": "services.booking",
  "pk": 10,
  "fields": {
    "master": 2,
    "service": 2,
    "client": 1,
    "date": "2023-05-11T10:00:00Z",
    "status": true
  }
},
{
  "model": "services.booking",
  "pk": 12,
  "fields": {
    "master": 1,
    "service": 1,
    "client": 1,
    "date": "2023-05-11T10:00:00Z",
    "status": true
  }
},
{
  "model": "services.booking",
  "pk": 14,
  "fields": {
    "master": 2,
    "service": 2,
    "client": 1,
    "date": "2023-05-11T10:00:00Z",
    "status": true
  }
},
{
  "model": "services.booking",
  "pk": 22,
  "fields": {
    "master": 1,
    "service": 1,
    "client": 1,
    "date": "2023-05-15T13:30:00Z",
    "status": true
  }
},
{
  "model": "services.booking",
  "pk": 27,
  "fields": {
    "master": 1,
    "service": 1,
    "client": 1,
    "date": "2023-05-11T11:00:00Z",
    "status": true
  }
},
{
  "model": "services.booking",
  "pk": 28,
  "fields": {
    "master": 1,
    "service": 1,
    "client": 1,
    "date": "2023-05-11T14:00:00Z",
    "status": true
  }
},
{
  "model": "services.booking",
  "pk": 29,
  "fields": {
    "master": 4,
    "service": 4,
    "client": 1,
    "date": "2023-05-11T09:00:00Z",
    "status": true
  }
},
{
  "model": "services.booking",
  "pk": 30,
  "fields": {
    "master": 4,
    "service": 4,
    "client": 1,
    "date": "2023-05-11T10:30:00Z",
    "status": true
  }
},
{
  "model": "services.booking",
  "pk": 32,
  "fields": {
    "master": 2,
    "service": 2,
    "client": 1,
    "date": "2023-05-14T09:30:00Z",
    "status": true
  }
},
{
  "model": "services.booking",
  "pk": 33,
  "fields": {
    "master": 1,
    "service": 1,
    "client": 1,
    "date": "2023-05-14T09:00:00Z",
    "status": true
  }
},
{
  "model": "services.booking",
  "pk": 34,
  "fields": {
    "master": 1,
    "service": 1,
    "client": 1,
    "date": "2023-05-15T12:30:00Z",
    "status": true
  }
},
{
  "model": "services.booking",
  "pk": 35,
  "fields": {
    "master": 2,
    "service": 2,
    "client": 1,
    "date": "2023-05-11T12:45:00Z",
    "status": true
  }
},
{
  "model": "services.booking",
  "pk": 36,
  "fields": {
    "master": 1,
    "service": 1,
    "client": 1,
    "date": "2023-05-11T15:00:00Z",
    "status": true
  }
},
{
  "model": "services.schedule",
  "pk": 1,
  "fields": {
    "master": 1,
    "date": "2023-05-12",
    "time_start": "12:00:00",
    "time_end": "15:00:00"
  }
},
{
  "model": "services.schedule",
  "pk": 2,
  "fields": {
    "master": 1,
    "date": "2023-05-13",
    "time_start": "12:30:00",
    "time_end": "17:00:00"
  }
},
{
  "model": "services.schedule",
  "pk": 3,
  "fields": {
    "master": 2,
    "date": "2023-05-12",
    "time_start": "12:00:00",
    "time_end": "18:00:00"
  }
},
{
  "model": "services.schedule",
  "pk": 4,
  "fields": {
    "master": 2,
    "date": "2023-05-13",
    "time_start": "10:30:00",
    "time_end": "16:00:00"
  }
},
{
  "model": "services.schedule",
  "pk": 5,
  "fields": {
    "master": 1,
    "date": "2023-05-14",
    "time_start": "09:00:00",
    "time_end": "15:30:00"
  }
},
{
  "model": "services.schedule",
  "pk": 6,
  "fields": {
    "master": 1,
    "date": "2023-05-15",
    "time_start": "10:00:00",
    "time_end": "15:00:00"
  }
},
{
  "model": "services.schedule",
  "pk": 7,
  "fields": {
    "master": 2,
    "date": "2023-05-14",
    "time_start": "09:30:00",
    "time_end": "15:00:00"
  }
},
{
  "model": "services.schedule",
  "pk": 8,
  "fields": {
    "master": 3,
    "date": "2023-05-11",
    "time_start": "14:00:00",
    "time_end": "19:00:00"
  }
},
{
  "model": "services.schedule",
  "pk": 11,
  "fields": {
    "master": 1,
    "date": "2023-05-11",
    "time_start": "10:00:00",
    "time_end": "18:00:00"
  }
},
{
  "model": "services.schedule",
  "pk": 12,
  "fields": {
    "master": 2,
    "date": "2023-05-15",
    "time_start": "10:00:00",
    "time_end": "18:00:00"
  }
},
{
  "model": "services.schedule",
  "pk": 13,
  "fields": {
    "master": 3,
    "date": "2023-05-12",
    "time_start": "11:00:00",
    "time_end": "18:00:00"
  }
},
{
  "model": "services.schedule",
  "pk": 14,
  "fields": {
    "master": 2,
    "date": "2023-05-11",
    "time_start": "10:00:00",
    "time_end": "16:00:00"
  }
},
{
  "model": "services.schedule",
  "pk": 15,
  "fields": {
    "master": 3,
    "date": "2023-05-13",
    "time_start": "09:00:00",
    "time_end": "16:00:00"
  }
},
{
  "model": "services.schedule",
  "pk": 16,
  "fields": {
    "master": 4,
    "date": "2023-05-11",
    "time_start": "09:00:00",
    "time_end": "16:00:00"
  }
}
]
